Reference, Breadth of Coverage, Contigs
Bacillus subtilis,0.3169981192270169,913
Enterococcus faecalis,0.05617679391802606,130
Escherichia coli,0.3245171373688105,1048
Lactobacillus fermentum,0.0012916377347161887,2
Listeria monocytogenes,0.06648003470191576,163
Pseudomonas aeruginosa,0.7213816172064667,2417
Salmonella enterica,0.32182830764498777,1058
Staphylococcus aureus,0.041740412979351035,94
