Reference, Breadth of Coverage, Contigs
Bacillus subtilis,0.9839487927484077,26
Enterococcus faecalis,0.9790932145728954,21
Escherichia coli,0.9589044775355193,117
Lactobacillus fermentum,0.9434949166366194,84
Listeria monocytogenes,0.9873467003437442,16
Pseudomonas aeruginosa,0.98967129100029,88
Salmonella enterica,0.9788289122991016,87
Staphylococcus aureus,0.9841546576037782,31
