Reference, Breadth of Coverage, Contigs
Bacillus subtilis,0.9833965983937917,58
Enterococcus faecalis,0.9769968426143041,74
Escherichia coli,0.949415310336897,416
Lactobacillus fermentum,0.9390799403568825,91
Listeria monocytogenes,0.9867468357560734,34
Pseudomonas aeruginosa,0.9858940893625604,157
Salmonella enterica,0.9598243267602935,389
Staphylococcus aureus,0.9800785646503211,76
