Reference, Breadth of Coverage, Contigs
Bacillus subtilis,0.9850811125060157,27
Enterococcus faecalis,0.9798284384014575,28
Escherichia coli,0.9500572245885684,133
Lactobacillus fermentum,0.9484798720223709,80
Listeria monocytogenes,0.9894427174433938,20
Pseudomonas aeruginosa,0.9910229626652415,79
Salmonella enterica,0.9840632252225224,102
Staphylococcus aureus,0.9864939421358109,40
