Reference, Breadth of Coverage, Contigs
Bacillus subtilis,0.9840039133129016,26
Enterococcus faecalis,0.9893389030404247,27
Escherichia coli,0.9720279412116504,99
Lactobacillus fermentum,0.9399459307113245,81
Listeria monocytogenes,0.9763830471249609,17
Pseudomonas aeruginosa,0.9897061832979257,68
Salmonella enterica,0.9820513531604418,67
Staphylococcus aureus,0.9849105113322888,23
