Reference, Breadth of Coverage, Contigs
Bacillus subtilis,0.976837004041598,116
Enterococcus faecalis,0.9611389221590557,167
Escherichia coli,0.7913027438843975,1123
Lactobacillus fermentum,0.9205629672083567,237
Listeria monocytogenes,0.9752722115319706,130
Pseudomonas aeruginosa,0.9595004954117364,531
Salmonella enterica,0.8039450004264933,1085
Staphylococcus aureus,0.9565091695539911,175
