Reference, Breadth of Coverage, Contigs
Bacillus subtilis,0.9778064338799167,112
Enterococcus faecalis,0.9626726299926337,107
Escherichia coli,0.8951963241962851,775
Lactobacillus fermentum,0.9223416589121167,152
Listeria monocytogenes,0.9781712785503796,81
Pseudomonas aeruginosa,0.9410317225458716,1145
Salmonella enterica,0.9058033769028851,742
Staphylococcus aureus,0.9626832623456109,130
