Reference, Breadth of Coverage, Contigs
Bacillus subtilis,0.9832631225873939,27
Enterococcus faecalis,0.9909175958883697,24
Escherichia coli,0.9722820628719231,127
Lactobacillus fermentum,0.9432996751748907,82
Listeria monocytogenes,0.9769230923470646,16
Pseudomonas aeruginosa,0.9891492315597151,71
Salmonella enterica,0.9784946507649778,94
Staphylococcus aureus,0.984858649835588,22
