Reference, Breadth of Coverage, Contigs
Bacillus subtilis,0.9822012483942737,22
Enterococcus faecalis,0.9881411770329009,21
Escherichia coli,0.9615617381333998,113
Lactobacillus fermentum,0.9313280145780292,80
Listeria monocytogenes,0.9740173416006593,16
Pseudomonas aeruginosa,0.9866561253649336,78
Salmonella enterica,0.9739280205288265,84
Staphylococcus aureus,0.9836220657795041,17
