Reference, Breadth of Coverage, Contigs
Bacillus subtilis,0.9803288794434157,35
Enterococcus faecalis,0.9676360937262775,218
Escherichia coli,0.906242747250303,182
Lactobacillus fermentum,0.9126740575007098,264
Listeria monocytogenes,0.9631566177930196,177
Pseudomonas aeruginosa,0.970969166692431,341
Salmonella enterica,0.9471690296078824,176
Staphylococcus aureus,0.9519814034235944,196
